userId,username
1,Michelle Johnson
2,Michael Campbell
3,Vicki Boyer
4,Kevin Wright
5,Cory Burns
6,Briana King
7,Destiny Jones
8,Dr. Ronald Johnson
9,Ryan Ramirez
10,James Wood
11,Beverly Sanchez
12,Maria Jones
13,Karen Lopez
14,Kathryn Rivera
15,Vickie Thomas
16,Richard Richardson
17,Marcus Davis
18,Nicole Johnson
19,Brian Le
20,Michael Wiley
21,Jennifer Fleming
22,Michelle Meadows
23,Curtis Davis
24,Derek Pitts
25,Melanie Mills
26,Craig Jones DDS
27,Timothy Butler
28,William Fields
29,Kelsey Reyes
30,Sharon Watson
31,Christopher Mason
32,Raven Mccullough
33,Amber Conrad
34,Patricia Lester
35,Jessica Mccall
36,Dalton Flynn
37,Marie Vasquez
38,Carol Myers
39,Michael Shelton
40,Gary Rasmussen
41,Steven Sellers
42,Jimmy Wong
43,Haley Howell
44,Sarah Kelley
45,David Baker
46,David Newman
47,Katie Wilson
48,Bethany Brown
49,Roger Stevenson
50,Jamie Bennett
51,Barbara Blackwell
52,Jeremy Martin
53,Desiree Craig
54,Shannon Schultz
55,Patrick Lopez
56,Travis Odonnell
57,James Hill
58,Louis Richard
59,Matthew Gallagher
60,Michael Herrera
61,Mitchell Petersen
62,Donald Bryant
63,Sara Little
64,Jill Rhodes
65,Melissa Rivera
66,Pamela Hobbs
67,Mrs. Julie Wilson
68,James Phillips
69,Amy Dixon
70,Monica King
71,Donna Rodgers
72,Nicholas Kramer
73,Tony Pennington
74,Laura Reilly
75,Isaiah Whitney
76,Eric Romero
77,Kristi Gonzales
78,Robert Mitchell
79,Amanda White
80,Elizabeth Garcia
81,Madison Hill
82,Stephanie Hansen
83,Janet Jordan
84,John Glenn
85,Andres Olsen
86,Annette Jacobson
87,Sarah Greene
88,Travis Thompson
89,Jennifer Mccarthy
90,Michael Mejia
91,Brandon Cummings
92,Lisa Lane
93,Carla Patel
94,Sarah Morris
95,Ronald Atkins
96,Jeffrey Allen
97,Dillon Harris
98,Samantha Ferguson
99,Jessica Mills
100,Kenneth Stevens
101,Eric Wagner
102,Andrew Johnson
103,James Vaughan
104,Jennifer Johnson
105,Monique Shaffer
106,Julie Robinson
107,Jacob Lee
108,Dr. Anthony Macias Jr.
109,Philip Burke
110,Mary Jimenez
111,Nicholas Williams
112,Tina Ellis
113,Kristin Brown
114,Laura Mathis
115,Micheal Williams
116,Nicholas Brown
117,Juan Rodriguez
118,John Potts
119,Chad Robinson
120,Barbara Payne
121,Vicki Velez
122,Patrick Villegas
123,Jessica Rowe
124,Melanie Mcdonald
125,Travis Palmer
126,Ryan Reynolds
127,Thomas Gardner
128,Sean Morgan
129,John Schwartz
130,Thomas Davis
131,Nicole Gibson
132,Jose Brooks
133,Christopher Taylor
134,Connor Oneal
135,Amber Dennis
136,William Russell
137,Hannah Flowers
138,Parker Miller
139,Brandi Jordan
140,Kelsey Contreras
141,Ronald Hester
142,Debra Palmer
143,Benjamin Carter
144,Daniel Lambert
145,Emily Hunter
146,Brett Kennedy
147,Luke Harris
148,Roger Mejia
149,Kevin Johnson
150,Kevin Davis
151,Brian Reynolds
152,Patrick Erickson
153,Jack Mccullough
154,Valerie Esparza
155,Elizabeth Jenkins
156,Peter Lee
157,Travis Wells
158,Troy Smith
159,Patrick Clements DDS
160,Timothy Cunningham
161,Cheryl Daniel
162,Betty Parker
163,Katherine Murphy
164,Megan Russell MD
165,John Swanson
166,Christopher Nguyen
167,Arthur Fowler
168,Tammy Sanchez
169,Amanda Sexton
170,Sean Hensley
171,William Douglas
172,Steven Bowman
173,Dennis Williams
174,Tyler Wade
175,Anthony Brown
176,Dylan Smith
177,Michelle Garcia
178,John Foster
179,Samantha Weber
180,Alicia Valentine
181,Jennifer Hurst
182,Matthew Pena
183,Mary Mcdonald
184,Patty Tucker
185,Teresa Ramos
186,Matthew Mcfarland
187,William Bennett
188,Kim Goodwin
189,David Ray
190,Casey Smith
191,Crystal Sanders
192,Mary Farrell
193,Shane Ramirez
194,Rhonda Brown
195,Brian Blake
196,Tina Lynn
197,Angel Hill
198,Debra Horn
199,David Jones
200,Jerry Cook
201,Sara Wilson
202,Devon Bishop
203,David Harvey
204,Paul Evans
205,Melissa Foster
206,Michael Willis
207,Jason Peterson
208,Casey Williams
209,Courtney Hernandez
210,Sara Perkins
211,Mitchell Scott
212,Zachary Moore
213,Lauren Martinez
214,Steven Paul
215,Jacob Diaz
216,Theresa Salazar
217,Deborah Keller
218,Carla Baker
219,Michelle Nichols MD
220,Jason Wyatt
221,Robin Butler
222,Donald James
223,Benjamin Cole
224,Dr. Marc Hill
225,Michael Rogers II
226,Jeffrey Ramsey
227,Keith Martinez
228,Danielle Taylor
229,Meredith Baker
230,Deanna Boyle
231,Amanda Lamb
232,Ashley Haynes
233,Michael Gray
234,James Henderson
235,Mckenzie Miller
236,Daniel Moore
237,Deborah Gibbs
238,Arthur Johnson
239,Linda Strickland
240,Jessica Harmon
241,Alexandra Nichols
242,Melissa Walker
243,Hector Ho
244,Kelly Gomez
245,Megan Alexander
246,Angela Nunez DVM
247,Katherine Montes
248,Rachel Strong
249,Jennifer Cox
250,Jody Gonzalez
251,Michelle Williams
252,Ashley Bolton
253,Eric Fitzgerald
254,John Boyer
255,Kelly Barry
256,Russell Cole
257,Kathy Carrillo
258,Timothy Goodwin
259,Nicholas Mcpherson
260,Melanie Baker
261,Lindsey Johnson
262,Charlene Gross
263,Judy Hoover
264,Deanna Arroyo
265,Regina Evans
266,Tim Pearson
267,Kara Roman
268,Joseph Garcia
269,Katrina Johnson
270,Sean Greer
271,Deanna Quinn
272,Brad Summers
273,Ashley Turner
274,Stephanie Liu
275,Krista Moore
276,Eddie Drake
277,David Smith
278,Daniel Bailey
279,Linda Estes
280,William Miller
281,Erin Brooks
282,Ethan Dean
283,Jonathan Young
284,Mary Riley
285,Eugene Wolfe
286,Jacob Montgomery
287,Rodney Richardson
288,Kimberly Jennings
289,Christie Conner
290,Jamie Ward
291,Melanie Barajas
292,Brian Gray
293,Eric Ruiz Jr.
294,Timothy Walker
295,Allen Bailey
296,Courtney Levine
297,Jeremiah Benson
298,John Patterson
299,Scott James
300,Christopher Weaver
301,Rebecca Ray
302,Michael Nichols
303,Mr. Paul Taylor MD
304,Linda Stewart
305,Chris Nguyen
306,Catherine Guerrero
307,Jessica Perry
308,Maria Chen
309,Jennifer Adams
310,Rodney Stewart
311,Leslie Pugh
312,James Martinez
313,Kathleen Manning
314,Wayne Baker
315,Casey Craig
316,Sean Stevens
317,Lisa Wells
318,Betty Garcia MD
319,Erica Rodriguez
320,Johnny Perez
321,Donna Norris
322,Lisa Haynes
323,Tina Hampton
324,Anthony Jenkins
325,Amy Thompson
326,David James
327,Susan Harris
328,Christopher Rodriguez
329,Jennifer David
330,Phyllis Brown
331,Charles Clayton
332,Jeffrey Cook
333,Jeanette Williams
334,Anthony Davis
335,Christina Allison
336,Robert Curtis
337,Julie Avery
338,Katie Burton
339,Patricia Duran
340,Timothy Boyer
341,Shannon Gomez
342,Cody Sims
343,Frank Morris
344,Jesse Blanchard
345,Amanda Ward
346,Kimberly Chapman
347,Chad Smith
348,Kevin Cooper
349,Jennifer Adams
350,Amanda Bennett
351,Henry Howell
352,Susan Jackson
353,Shane Daniel
354,Erika Vaughn
355,Elizabeth Mcguire
356,Marie Banks
357,Cheryl Perez
358,Brenda Campbell
359,Courtney Davis
360,Kim Mccoy
361,Edward Shaffer
362,Jennifer Stein MD
363,Jennifer Wheeler
364,William Cohen
365,Emily Church
366,Erica Anderson
367,Eric Parker
368,John Thomas
369,Jennifer Edwards
370,Corey Zamora
371,Audrey Shaw
372,Jonathan Gomez
373,Michael Brown
374,Brittany Nelson
375,Cynthia Perez
376,Benjamin Perry
377,Gary Wood
378,Debbie Henderson
379,Veronica Burgess
380,Katherine Hayden
381,Sarah Turner
382,Adam Woodard
383,Cheryl Harrell
384,Steve Bridges
385,Christopher Green
386,Carla Parker
387,Amanda Smith
388,Anthony Garcia
389,Nathan White
390,Rhonda Johnson
391,Wesley Jackson
392,Cory Mathews
393,Trevor Walton
394,Alejandro Nguyen
395,Stephanie Padilla
396,Laura Coleman
397,Bradley Turner
398,Jessica Allen
399,Ryan Rodriguez
400,Alexis Stevens
401,Kayla Mcconnell
402,Lawrence Morris
403,Adam Jones
404,Elizabeth Powell
405,Maria Hines
406,Nicholas Harvey
407,Ryan Monroe
408,Megan Schwartz
409,Harold White
410,Erik Heath
411,Kelsey Dennis
412,Kristopher Conner
413,Melanie Kim
414,Justin Baker
415,Jamie Thomas
416,Bethany Griffin
417,Patricia Fisher
418,Angela Hanna
419,James Wood
420,Ryan Miles
421,Kelly Mathews
422,Matthew Greene
423,Mr. Craig Anderson DDS
424,Derek Jones
425,Carol Adams
426,Rebecca Wolf
427,Veronica Franklin
428,Benjamin Olson
429,Stacey Davis
430,Marvin Arias
431,Sharon Price
432,Jose Simmons
433,Ryan Peterson
434,Mark Newton
435,Mr. Stephen Rogers DVM
436,Jordan Baker
437,John Rhodes
438,Molly Marsh
439,Kendra Howe
440,Ronald Weaver
441,Andrea Drake
442,Sherry Brown
443,Timothy Jones
444,Sharon Solis
445,Alison Salazar
446,Matthew Sheppard
447,Kevin Harding
448,Tommy Rios
449,Justin Marks
450,Donna Riley
451,Jose Miller
452,Matthew Jones DVM
453,Rachael Morrow
454,Lisa Brown
455,Joseph Stark
456,Jennifer Henry
457,Ashley Bonilla
458,Susan Campbell
459,Veronica Whitney
460,Victoria Davis
461,Samuel Lopez
462,Hannah Lawson
463,Valerie Sullivan
464,Rebecca Tanner
465,Juan Mann
466,Erica Roberts
467,Robert Ramirez
468,Brianna Davis
469,Lori House
470,Sean Perez
471,Jeffrey Ruiz
472,Kelly Gonzales
473,Danielle Jones
474,Michael English
475,Jean Gilbert
476,Dana Beck
477,Danielle Arellano
478,Michael Fisher
479,Adam Jacobson
480,Christopher Jones
481,Monica Hamilton
482,Derrick Jones
483,Catherine Baxter
484,Kathleen Ross
485,Randy Curtis
486,Brian Thomas
487,Miss Chelsea Mcclure
488,Eric Mccoy
489,Jon Lopez
490,Stephanie Johnson
491,Ashley Wade
492,Andrew Ortiz
493,Tracy Gamble
494,Brandon Foster
495,Meghan Davis
496,John Castaneda
497,James Smith
498,Sharon Mcintosh
499,Christopher Butler
500,Cynthia Reynolds
501,Kelly Moore
502,Scott Olson MD
503,Amber Clements
504,Michael White
505,Hannah Salazar DVM
506,Christopher Irwin
507,Melissa Perry
508,Cole Wilson
509,Dr. Maria Nelson
510,John Chaney
511,Jeffrey Roman
512,Kelli Carter
513,Sabrina Russell
514,Antonio Hensley
515,Amber Lopez
516,Destiny Thomas
517,Randy Hayes
518,Roy Castro
519,Michael Foster
520,Danielle Russell
521,Michael Burch
522,Thomas Stein
523,Bradley Gonzales
524,Roberta Roman
525,Randall Mendoza
526,Jack Jones
527,Mitchell Scott
528,Christopher Bishop
529,Charles Bridges
530,Nicholas Martin
531,Melinda Brown
532,Edward Jordan
533,Janice Spears
534,Mark Shepard
535,Erin Walker
536,Mark Sanders
537,Katie Howell
538,Kelly Mcintyre
539,Crystal Cummings
540,Mark Allen
541,Darren Ruiz
542,Jacqueline Jones
543,Sean Caldwell
544,Laura Willis
545,Crystal Williams
546,Tina Vance
547,Brandi Delgado
548,Brandon Davis
549,Shawn Hicks
550,Pamela Evans
551,Kathryn Martinez
552,Michelle Smith
553,Jodi Clarke
554,Jeffrey Pittman
555,Nicholas Norton
556,Alison Chandler
557,Amy Everett
558,Nancy Reyes
559,Jonathon Anderson
560,Michael Richards
561,Regina Lozano
562,Ryan Williams
563,Kimberly Diaz
564,Jessica Mcclain
565,Alexis Ibarra
566,Amy Warren
567,Craig Harrison
568,Alexander Brown
569,Suzanne Buck
570,Brian Avery
571,Veronica Jimenez
572,Felicia Woods
573,Mitchell Munoz
574,Michael Griffith
575,Lisa Abbott
576,Claudia Ross
577,Randall Coffey
578,Stephanie Stone
579,Joshua Smith
580,Elizabeth Richardson
581,Paul Jackson
582,Christine Webb
583,Laurie Orozco
584,James Martin
585,Joshua Gomez
586,Patrick Donaldson
587,Evan Thomas
588,Kathryn Savage
589,Alexandra Harris
590,Alicia Cole
591,Dennis Webb
592,Brandon Kim
593,Maria Elliott
594,Kyle Jones
595,Dr. John Henderson
596,Kelly Allen
597,Kayla Stokes
598,Jose Myers
599,Tammy Moore
600,Eric Robinson
601,Taylor Houston
602,Joyce Black
603,Tina Thomas
604,Kathleen Diaz
605,Heather Stevens
606,Nancy Pearson
607,Jerry Thompson
608,Timothy Edwards
609,Nicholas Perez
610,Richard Frederick
611,Kim Frederick
612,Nicholas Navarro
613,Elizabeth Wilson
614,Andrea Chambers
615,Lisa Mcdaniel
616,April Beck
617,William Winters
618,Christopher Robinson
619,Melissa Allen
620,Bradley Munoz
621,Phillip Morales
622,Robert Davis
623,Allison Scott
624,Leslie Coleman
625,Andrea Perkins
626,Diana Carroll
627,Robert Thomas
628,Kenneth Smith
629,Norma Holt
630,Edward Flores DVM
631,Jennifer Lee
632,Jared Miller
633,Christopher Hurley
634,Anita Ruiz
635,David Griffin
636,Nathan Hawkins
637,Jacqueline Diaz
638,David Morris DDS
639,Brooke Bentley
640,Brian Weiss
641,Diana Medina
642,Alexis Velasquez
643,Joshua Dougherty
644,Robert Cunningham
645,Raymond Carter
646,Christopher Waters
647,Justin Mclean
648,Jennifer Mills
649,Michelle Gallagher
650,Kenneth Vazquez
651,Stephen Rocha
652,Mark Wilson
653,Anthony Vance
654,Brian Murray
655,Andrea Barrera
656,Anthony Clayton
657,Jonathan Quinn
658,Derek Gilbert
659,Blake Sanford
660,Mr. Adam Newman
661,Margaret Wise
662,Mary Gardner
663,Brian Mccarthy
664,Robin Ferguson
665,Andre Jones
666,Mary Torres
667,Joseph Brown
668,Sheila Thomas
669,Jennifer Jensen
670,Donna Brown
671,Stephen Nguyen
